{"cameraMode":{"drawMode":0,"name":"Shaded","section":"Shading Mode"},"sceneLighting":false,"audioPlay":false,"sceneViewState":{"showFog":true,"showMaterialUpdate":true,"showSkybox":true,"showFlares":true,"showImageEffects":true,"showParticleSystems":true},"in2DMode":false,"pivot":{"x":33.40575408935547,"y":-6.92437219619751,"z":-5.481829643249512},"rotation":{"x":-0.0005817834753543139,"y":-0.9994003772735596,"z":0.02730056270956993,"w":-0.02129092440009117},"size":9.284196853637696,"orthographic":false}