{"cameraMode":{"drawMode":0,"name":"Shaded","section":"Shading Mode"},"sceneLighting":false,"audioPlay":false,"sceneViewState":{"showFog":true,"showMaterialUpdate":true,"showSkybox":true,"showFlares":true,"showImageEffects":true,"showParticleSystems":true},"in2DMode":false,"pivot":{"x":-69.87892150878906,"y":-9.051676750183106,"z":9.025672912597657},"rotation":{"x":0.17918306589126588,"y":0.2953190505504608,"z":-0.05648960545659065,"w":0.9367439150810242},"size":14.20954704284668,"orthographic":true}